domain_code,subdomain_code,subdomain_name
C1,C1.1,Interoceptive Awareness
C1,C1.2,Sleep & Recovery
C1,C1.3,Energy Regulation
C1,C1.4,Physical Self-Care
C1,C1.5,Stress–Body Awareness
C1,C1.6,Routine Self-Management
C1,C1.7,Health Behaviour Agency
C2,C2.1,Emotion Awareness
C2,C2.2,Emotion Differentiation
C2,C2.3,Emotional Understanding
C2,C2.4,Emotional Expression
C2,C2.5,Emotion Regulation
C2,C2.6,Distress Tolerance
C2,C2.7,Impulse Regulation
C2,C2.8,Emotional Regulatory Flexibility
C2,C2.9,Self-Compassion
C2,C2.10,Savoring Capacity
C2,C2.11,Emotional Recovery
C3,C3.1,Social/Contextual Cue-Reading
C3,C3.2,Perspective Taking
C3,C3.3,Empathic Concern
C3,C3.4,Communication
C3,C3.5,Collaboration
C3,C3.6,Boundaries
C3,C3.7,Assertiveness
C3,C3.8,Conflict Management
C3,C3.9,Relational Repair
C3,C3.10,Help-Seeking
C3,C3.11,Belonging & Connection
C3,C3.12,Digital Relational Conduct
C4,C4.1,Self-Concept Clarity
C4,C4.2,Self-Worth
C4,C4.3,Identity Coherence
C4,C4.4,Authenticity
C4,C4.5,Autonomy
C5,C5.1,Values Clarity
C7,C7A.1,Attention Regulation
C7,C7B.1,Metacognition
C7,C7C.1,Goal Setting
C5,C5.2,Personal Agency
C7,C7B.2,Strategy Selection
C7,C7C.2,Goal Persistence
C5,C5.3,Purpose & Meaning
C5,C5.4,Future Orientation
C5,C5.5,Decision Capability
C5,C5.6,Pathways Thinking
C5,C5.7,Personal Responsibility
C6,C6.1,Cognitive Flexibility
C6,C6.2,Coping Flexibility
C7,C7A.2,Inhibitory Control
C6,C6.3,Uncertainty Tolerance
C7,C7A.3,Organisational Memory Strategies
C7,C7B.3,Self-Monitoring
C7,C7C.3,Progress Monitoring
C6,C6.4,Setback Response
C7,C7A.4,Task Initiation
C7,C7B.4,Feedback Utilisation
C7,C7C.4,Mastery Orientation
C6,C6.5,Failure Response
C7,C7A.5,Planning
C7,C7B.5,Knowledge Seeking
C7,C7C.5,Performance-Approach Orientation
C6,C6.6,Challenge Orientation
C7,C7A.6,Organisation
C7,C7B.6,Self-Directed Learning
C7,C7C.6,Avoidance Orientation
C6,C6.7,Functional Recovery
C7,C7B.7,Epistemic Humility
C7,C7C.7,Goal Adjustment
C6,C6.8,Learning From Experience
C6,C6.9,Change Readiness
C6,C6.10,Psychological Flexibility
