version_label,item_code,domain_code,domain_name,subdomain_code,subdomain_name,item_text,source_keying,keying,age_band,context,layer,pilot_status,display_order,item_content_hash
santulan-emergingadult-pilot-v3.1,C1-01,C1,Body & Self-Regulation,C1.1,Interoceptive Awareness,I notice when my body feels tense or keyed up.,Positive,POSITIVE,13–25,General,CORE,READY,1,d5b86aee94b97b2ba3717b0a269785569868e5524b5c6a1907ac71c02454b1a8
santulan-emergingadult-pilot-v3.1,C1-03,C1,Body & Self-Regulation,C1.2,Sleep & Recovery,"When my responsibilities increase, I make choices that allow time for my body to recover.",Positive,POSITIVE,13–25,General,CORE,READY,2,fb54d10f5fc88ac31ef319e11161566b59815512eb2b9270706d874bdb361bd4
santulan-emergingadult-pilot-v3.1,C1-05,C1,Body & Self-Regulation,C1.2,Sleep & Recovery,"When my schedule becomes demanding, I make deliberate choices that protect my recovery.",Positive,POSITIVE,18–25,College/Work,CORE,READY,3,7b446060f1e1e4f84317346831473a8ba95d86c3fbd52e09ee039071d989b9a4
santulan-emergingadult-pilot-v3.1,C1-06,C1,Body & Self-Regulation,C1.3,Energy Regulation,I can adjust my pace or take a useful break when my energy is dropping.,Positive,POSITIVE,13–25,General,CORE,READY,4,8b3aa9203aea265dc5fd009776e0e74ecac7572a2d86474aace984055b51efd3
santulan-emergingadult-pilot-v3.1,C1-08,C1,Body & Self-Regulation,C1.3,Energy Regulation,I can manage my energy across a day with several responsibilities.,Positive,POSITIVE,18–25,College/Work,CORE,READY,5,da1b587511d3cb8286eb7ef5bbcd32fd2ded4c8dde4b006016a783d35a0683a2
santulan-emergingadult-pilot-v3.1,C1-09,C1,Body & Self-Regulation,C1.4,Physical Self-Care,"When I notice something in my daily life is affecting how my body is functioning, I make a change.",Positive,POSITIVE,13–25,General,CORE,READY,6,5000bdf8724bce7854ab13d2c15b502f68df68d35036cdea6a308412d9f07e54
santulan-emergingadult-pilot-v3.1,C1-11,C1,Body & Self-Regulation,C1.4,Physical Self-Care,I take practical steps to look after my body when I see it's not functioning well.,Positive,POSITIVE,18–25,College/Work,CORE,READY,7,cb5262ba963c79fcc72042d4ddd743ef84df94439e4eaeeface825626ed0ab20
santulan-emergingadult-pilot-v3.1,C1-12,C1,Body & Self-Regulation,C1.5,Stress–Body Awareness,I can recognise when pressure is showing up in my body.,Positive,POSITIVE,13–25,General,CORE,READY,8,3364020e92089e12eb91452715d7d99311856b95c46db16ca06b9554fea848f4
santulan-emergingadult-pilot-v3.1,C1-14,C1,Body & Self-Regulation,C1.5,Stress–Body Awareness,"When demands build up, I notice the physical signs that pressure is affecting me.",Positive,POSITIVE,18–25,College/Work,CORE,READY,9,b5528cbf10711c50111789a8feaac91d08ec0ffe5a0b3642b67bde7201783bf8
santulan-emergingadult-pilot-v3.1,C1-15,C1,Body & Self-Regulation,C1.6,Routine Self-Management,I can maintain useful daily routines even when my schedule changes.,Positive,POSITIVE,13–25,General,CORE,READY,10,71ff2120453a3775b55e51d0b9525201c11fe482bdc1cb99b64c66cd0eb211fb
santulan-emergingadult-pilot-v3.1,C1-17,C1,Body & Self-Regulation,C1.6,Routine Self-Management,"When my routine is disrupted, I can put a new one in place.",Positive,POSITIVE,18–25,College/Work,CORE,READY,11,c52cf9c435bba534783f456f8ae65d7e3ccf112a16d0efbda8c92065edf7b439
santulan-emergingadult-pilot-v3.1,C1-18,C1,Body & Self-Regulation,C1.6,Routine Self-Management,I can keep important personal routines going even when I have several responsibilities at once.,Positive,POSITIVE,13–25,General,CORE,READY,12,e7d7aa3e47945f19a2053277cd60fd421db92af90aecbb02675f8915a625246d
santulan-emergingadult-pilot-v3.1,C1-19,C1,Body & Self-Regulation,C1.7,Health Behaviour Agency,"When I decide that a daily habit needs to change, I can take a practical first step.",Positive,POSITIVE,13–25,General,CORE,READY,13,8fc76e021a4466fe95765af1d2b0b18710ef6a9f47fe590d5c9f0cee57d2b7c1
santulan-emergingadult-pilot-v3.1,C1-21,C1,Body & Self-Regulation,C1.7,Health Behaviour Agency,I can make health-supportive choices even when it's inconvenient.,Positive,POSITIVE,18–25,College/Work,CORE,READY,14,9a3d1633cf32be0ad64fffb6aa3bc7543016610864ca3384e22be08d4b6de010
santulan-emergingadult-pilot-v3.1,C1-22,C1,Body & Self-Regulation,C1.1,Interoceptive Awareness,"I can tell when I'm physically tired, even if I want to keep going.",Positive,POSITIVE,13–25,General,CORE,READY,15,28aa23d637b96e206a85930e77c2d2e4f294c56bcb0a3e714f61be5234e00dc7
santulan-emergingadult-pilot-v3.1,C1-23,C1,Body & Self-Regulation,C1.3,Energy Regulation,"When I feel keyed up or on edge, I know at least one practical way to calm my body.",Positive,POSITIVE,13–25,General,CORE,READY,16,fbef986062cc81bbc49f9661ffd4e7bdcf86f8f3e9c659dc606d0ff6deadd1b6
santulan-emergingadult-pilot-v3.1,C1-24,C1,Body & Self-Regulation,C1.4,Physical Self-Care,"I notice when my everyday habits are affecting how my body functions, and I can change them.",Positive,POSITIVE,13–25,General,CORE,READY,17,58574bb26c5297fbfdafaa591e668fbde3d98231c873a761fb67a13f61d162e7
santulan-emergingadult-pilot-v3.1,C1-25,C1,Body & Self-Regulation,C1.5,Stress–Body Awareness,"When my body gives me a warning sign that I am under too much pressure, I pay attention to it.",Positive,POSITIVE,13–25,General,CORE,READY,18,f53eb5f7ce8ec2780d979bac1af75da5f5fdf633cfcfd3afc36ff371d33a3439
santulan-emergingadult-pilot-v3.1,C1-26,C1,Body & Self-Regulation,C1.2,Sleep & Recovery,"When I'm busy, I still make time to rest and recover.",Positive,POSITIVE,13–25,General,CORE,READY,19,051b0139dd6ad24ab79ec56c0be0eea7cfbbb37ce0e1b64ea2d1d06f0fba8b54
santulan-emergingadult-pilot-v3.1,C1-27,C1,Body & Self-Regulation,C1.6,Routine Self-Management,"When things change, I can adjust my routine instead of giving it up completely.",Positive,POSITIVE,13–25,General,CORE,READY,20,54a4442a725548ceead8ba022e142dd79d9f93fd8f7cfca94de1d25e8c074d8f
santulan-emergingadult-pilot-v3.1,C1-28,C1,Body & Self-Regulation,C1.7,Health Behaviour Agency,"When I decide to make a health-related change, I can turn that decision into a practical first step.",Positive,POSITIVE,13–25,General,CORE,READY,21,23ca6f766d916212f23e67277a8267ce3b42d2ced7918ac3e2d39c224c808dd7
santulan-emergingadult-pilot-v3.1,C1-29,C1,Body & Self-Regulation,C1.3,Energy Regulation,I notice when I am using more energy than a situation requires and can slow down when needed.,Positive,POSITIVE,13–25,General,CORE,READY — POST-PILOT PRIORITY,22,aca3d6e2313f07582f05c82cbb976aab55d21de02de74404f782acea1f2b9a39
santulan-emergingadult-pilot-v3.1,C1-30,C1,Body & Self-Regulation,C1.4,Physical Self-Care,I respond to important physical needs before they interfere with what I need to do.,Positive,POSITIVE,13–25,General,CORE,READY,23,2775cb9d2e4274c22c226ebf5ef7345a920160d149842c44eead10e3e20ee113
santulan-emergingadult-pilot-v3.1,C2-01,C2,Emotional Capability,C2.1,Emotion Awareness,I can notice when my emotional state is starting to change.,Positive,POSITIVE,13–25,General,CORE,READY,24,d289118e5a6d734051762d6901ae94034f4e1510c6d2c819e4f7fd62a0581d5c
santulan-emergingadult-pilot-v3.1,C2-03,C2,Emotional Capability,C2.2,Emotion Differentiation,I can tell the difference between emotions that feel similar to me.,Positive,POSITIVE,13–25,General,CORE,READY,25,7f0c47786fa329a2c0995fe8cb1e5b0e1a8f20935656356fc219245f5e3e5e6a
santulan-emergingadult-pilot-v3.1,C2-05,C2,Emotional Capability,C2.2,Emotion Differentiation,I can distinguish between different emotions that arise in the same situation.,Positive,POSITIVE,18–25,College/Work,CORE,READY,26,9b59fcb235448f216d2fd44ccd0cde5aa3d1a8f2b7f03c845e3549f6ff2b044f
santulan-emergingadult-pilot-v3.1,C2-06,C2,Emotional Capability,C2.3,Emotional Understanding,I can usually identify what is contributing to an emotion I am experiencing.,Positive,POSITIVE,13–25,General,CORE,READY,27,15b528398270c80644d5fe3082736dd0a9f6202d95ef0d0b6281a680e2b8ecd3
santulan-emergingadult-pilot-v3.1,C2-08,C2,Emotional Capability,C2.3,Emotional Understanding,I can consider more than one possible reason for an emotional reaction.,Positive,POSITIVE,18–25,College/Work,CORE,READY,28,2eaef0ae7dcee794373f056e04a2ca65c06ac1ef1dbcdb499b0cebda65aa5b33
santulan-emergingadult-pilot-v3.1,C2-09,C2,Emotional Capability,C2.4,Emotional Expression,I can express what I am feeling in a way that others can understand.,Positive,POSITIVE,13–25,General,CORE,READY,29,9d386ab682f4b873a4b4e62078754f11a0d6107123638f06814b6b6f94e0e5ad
santulan-emergingadult-pilot-v3.1,C2-11,C2,Emotional Capability,C2.4,Emotional Expression,I can communicate difficult feelings clearly while still taking responsibility for my own feelings.,Positive,POSITIVE,18–25,College/Work,CORE,READY,30,f2839b31f5fd82c0f48a9afb13dd01cd07926a15c0fd727a4f35c89fd515cddc
santulan-emergingadult-pilot-v3.1,C2-12,C2,Emotional Capability,C2.5,Emotion Regulation,"When an emotion becomes intense, I can do something that helps me respond rather than react automatically.",Positive,POSITIVE,13–25,General,CORE,READY,31,7e466d66fb2a017b5ee92a0943e2c5ba4f0552d4d29a2fad46aecba435757fe4
santulan-emergingadult-pilot-v3.1,C2-14,C2,Emotional Capability,C2.5,Emotion Regulation,I can change how I respond when an emotion is making a situation harder to handle.,Positive,POSITIVE,18–25,College/Work,CORE,READY,32,be5b64218a5755b817bb23d9d79642043fb3e3c875afda8282b9d8f634490b1d
santulan-emergingadult-pilot-v3.1,C2-15,C2,Emotional Capability,C2.6,Distress Tolerance,I can stay with an uncomfortable feeling long enough to decide what I need to do.,Positive,POSITIVE,13–25,General,CORE,READY,33,0ee62c7edcc5f5210aad859917d4858423464edccac60a74801b04c281316acd
santulan-emergingadult-pilot-v3.1,C2-17,C2,Emotional Capability,C2.7,Impulse Regulation,I can pause before acting when I feel a strong emotional urge.,Positive,POSITIVE,13–25,General,CORE,READY,34,2e56cb5781411b4d527385de59b007bc7f8d35cf71f51677603115893cf73f2c
santulan-emergingadult-pilot-v3.1,C2-19,C2,Emotional Capability,C2.8,Emotional Regulatory Flexibility,I can adjust how I deal with an emotion when my first approach is not helping.,Positive,POSITIVE,13–25,General,CORE,READY,35,2adad23c494123060e085d5f62549dd98fe2d7c6c6b6561b96ad66b16bd176c3
santulan-emergingadult-pilot-v3.1,C2-20,C2,Emotional Capability,C2.8,Emotional Regulatory Flexibility,"If a way of handling my emotions is not working, I can try a different approach.",Positive,POSITIVE,18–25,College/Work,CORE,READY,36,0c01e0d98627597dcb61d751cf8aeca7a1d8f251bb5d98a4f1386af81e5f5f66
santulan-emergingadult-pilot-v3.1,C2-21,C2,Emotional Capability,C2.9,Self-Compassion,"After I make a mistake, I can treat myself with understanding while still taking responsibility.",Positive,POSITIVE,13–25,General,CORE,READY,37,54e4f7c9cb4095022946f69cadc3241eee4ed580a6d4899e0cc561e99074c2e1
santulan-emergingadult-pilot-v3.1,C2-23,C2,Emotional Capability,C2.10,Savoring Capacity,I can allow myself to enjoy positive experiences without immediately dismissing them.,Positive,POSITIVE,13–25,General,CORE,READY — POST-PILOT PRIORITY,38,4d00aac03a8282b7a6b11819645b3414c58ffcbcbc85de0936d35f8f84d67334
santulan-emergingadult-pilot-v3.1,C2-24,C2,Emotional Capability,C2.10,Savoring Capacity,I can notice and enjoy small positive moments even during a demanding period.,Positive,POSITIVE,18–25,College/Work,CORE,READY — POST-PILOT PRIORITY,39,cea96c6fef813a993010e2358e25a2b9b853f6b35f4b203767f8211180f79303
santulan-emergingadult-pilot-v3.1,C2-25,C2,Emotional Capability,C2.11,Emotional Recovery,"After a difficult emotional experience, I can gradually return to my usual functioning.",Positive,POSITIVE,13–25,General,CORE,READY,40,ac9e2352b1d2b878f1a25d5fed05eee35e0524e17a01ebd8b6c4062a21370da2
santulan-emergingadult-pilot-v3.1,C2-27,C2,Emotional Capability,C2.3,Emotional Understanding,I can recognise that my emotions about the same situation can change over time.,Positive,POSITIVE,13–25,General,CORE,READY,41,94aa11889e12c2b84d34a4f607347438bcbccdf457536f6961e84d40dbdd8232
santulan-emergingadult-pilot-v3.1,C2-28,C2,Emotional Capability,C2.5,Emotion Regulation,I can choose a way of managing an emotion that fits the situation.,Positive,POSITIVE,13–25,General,CORE,READY,42,4a683270b7e23ad6f01028943eaee8b00e8a2b8f974f4c663989c148e710c8be
santulan-emergingadult-pilot-v3.1,C2-29,C2,Emotional Capability,C2.6,Distress Tolerance,"When I feel an uncomfortable emotion, I can notice it without immediately trying to push it away.",Positive,POSITIVE,13–25,General,CORE,READY,43,e31b22cf4c9f3d39612e559c65f53b50d1654a06d53f29dee38f4678a599c645
santulan-emergingadult-pilot-v3.1,C2-30,C2,Emotional Capability,C2.11,Emotional Recovery,"After a difficult emotional experience, I can notice signs that I am becoming more settled and able to function again.",Positive,POSITIVE,13–25,General,CORE,READY,44,f7d26528636e7ecac9dad8cc4b37848aa9dc2cb48be7b945071013fed71249ee
santulan-emergingadult-pilot-v3.1,C3-01,C3,Relational & Social Capability,C3.1,Social/Contextual Cue-Reading,I notice changes in how people are responding to me.,Positive,POSITIVE,13–25,General,CORE,READY,45,4ae357de19746474f972a8efcfb79d5e713be69951d1b4360f7c1693d49e735d
santulan-emergingadult-pilot-v3.1,C3-03,C3,Relational & Social Capability,C3.1,Social/Contextual Cue-Reading,I can notice changes in how people are interacting with each other before I decide how to respond.,Positive,POSITIVE,18–25,College/Work,CORE,READY — POST-PILOT PRIORITY,46,98d6193d2cd42f2a73b23aa6bd62d5e82fa876515b0293c519795ef2635af8ed
santulan-emergingadult-pilot-v3.1,C3-04,C3,Relational & Social Capability,C3.2,Perspective Taking,I can consider how a situation may look from another person's point of view.,Positive,POSITIVE,13–25,General,CORE,READY,47,a91bb89f83ea2819fd5e84d96153f2a1ad9b258de1e7fc7d6800e5da29fd188d
santulan-emergingadult-pilot-v3.1,C3-06,C3,Relational & Social Capability,C3.2,Perspective Taking,"When people disagree, I can identify a reason their view might make sense to them.",Positive,POSITIVE,18–25,College/Work,CORE,READY,48,3955ff8120f56145ad48d6d3803deab5ce90a98194b44221e4f5ee2d4ccb1d35
santulan-emergingadult-pilot-v3.1,C3-07,C3,Relational & Social Capability,C3.3,Empathic Concern,I feel concern for people even when their situation doesn't affect me directly.,Positive,POSITIVE,13–25,General,CORE,READY,49,df47a1149236fdccf843506c20be4a6fc231472c212786b2c7285f0f03deb53e
santulan-emergingadult-pilot-v3.1,C3-09,C3,Relational & Social Capability,C3.3,Empathic Concern,I can feel for someone even when I'm not certain exactly what they're going through.,Positive,POSITIVE,18–25,College/Work,CORE,READY,50,1abf54bdc6c86b630ee7c308e43230a9c6b102e3f1cf82d399205d19300325ff
santulan-emergingadult-pilot-v3.1,C3-10,C3,Relational & Social Capability,C3.4,Communication,I can communicate what I mean clearly enough for others to understand.,Positive,POSITIVE,13–25,General,CORE,READY,51,02ab7acc6e27fe28857582d8bc64955b3f3ec184eb2b047db99f6b1c0c63d46f
santulan-emergingadult-pilot-v3.1,C3-12,C3,Relational & Social Capability,C3.4,Communication,I can change how I communicate when my usual way is not helping the other person understand.,Positive,POSITIVE,18–25,College/Work,CORE,READY,52,70ae747cfa4efe2f74407af6613ffa060497bca86c1e65862a6502b5a654e0ee
santulan-emergingadult-pilot-v3.1,C3-13,C3,Relational & Social Capability,C3.5,Collaboration,I can work with others toward a shared task even when we have different preferences.,Positive,POSITIVE,13–25,General,CORE,READY,53,5a7b2bfdaca9f98ba0d8506d2d435ea409c807f3e65181069fb7dc3642bc89f3
santulan-emergingadult-pilot-v3.1,C3-15,C3,Relational & Social Capability,C3.5,Collaboration,"When a group I'm working with isn't coordinating well, I can suggest a different way of dividing up the work or communicating.",Positive,POSITIVE,18–25,College/Work,CORE,READY,54,5ddc03ceb208a39dd3ba573db0dec44255caea6985f60528458faa8d593a0b74
santulan-emergingadult-pilot-v3.1,C3-16,C3,Relational & Social Capability,C3.6,Boundaries,I can recognise when I need a boundary in a relationship or interaction.,Positive,POSITIVE,13–25,General,CORE,READY,55,43a4810bda99b8b2fb66672f01da848ff908e603d7dd09c5dc2417da827d18b3
santulan-emergingadult-pilot-v3.1,C3-18,C3,Relational & Social Capability,C3.6,Boundaries,I can maintain a personal limit even when someone pressures me to change it.,Positive,POSITIVE,18–25,College/Work,CORE,READY,56,4ed972aa45f39096be3d8af23a7b6c41daea8548956c556279b8500320bc5eb8
santulan-emergingadult-pilot-v3.1,C3-19,C3,Relational & Social Capability,C3.7,Assertiveness,I can express what I need or prefer without putting down the other person.,Positive,POSITIVE,13–25,General,CORE,READY,57,eeb78d452583475d8481985143792e33442226eb91180cb12ab1f893559ef149
santulan-emergingadult-pilot-v3.1,C3-21,C3,Relational & Social Capability,C3.7,Assertiveness,I can speak up when my needs are important even if others may disagree.,Positive,POSITIVE,18–25,College/Work,CORE,READY,58,4505b61bcfb10b069aa93cef1d0348bfeeb7bc34ed2b2bb891b723693760e5b7
santulan-emergingadult-pilot-v3.1,C3-22,C3,Relational & Social Capability,C3.8,Conflict Management,"When there is a disagreement, I can focus on understanding the issue and deciding what needs to happen next.",Positive,POSITIVE,13–25,General,CORE,READY — POST-PILOT PRIORITY,59,8c730dae197fea631155c6071ebd69d7958076cf353a4d1e8e12eb5c8968ed15
santulan-emergingadult-pilot-v3.1,C3-24,C3,Relational & Social Capability,C3.8,Conflict Management,"I can recognise when a disagreement needs discussion, a pause or another way of handling it.",Positive,POSITIVE,18–25,College/Work,CORE,READY,60,f71a47ca64eea17f15e165f6a1e4d1c58e99f04abe4597ff14c0a3e2269ac63e
santulan-emergingadult-pilot-v3.1,C3-25,C3,Relational & Social Capability,C3.9,Relational Repair,"When my actions have affected someone negatively, I can take a step to repair the relationship.",Positive,POSITIVE,13–25,General,CORE,READY,61,0ab2e55cb4f6fd57d11a732b8c03fb2d3af2f9e853b03aa525047ef3bada7e8b
santulan-emergingadult-pilot-v3.1,C3-27,C3,Relational & Social Capability,C3.9,Relational Repair,"If a relationship problem is partly my responsibility, I can acknowledge my part and work toward repair.",Positive,POSITIVE,18–25,College/Work,CORE,READY,62,248159533b2b8cd9769ec187cf65cca785e2864777994089474f8f482cb3aa44
santulan-emergingadult-pilot-v3.1,C3-28,C3,Relational & Social Capability,C3.10,Help-Seeking,"When I need support from another person, I can ask for it.",Positive,POSITIVE,13–25,General,CORE,READY,63,4dfa86b66b52664a8cc57edc0e605ea5fb78448249f1975359835c35f90a508d
santulan-emergingadult-pilot-v3.1,C3-30,C3,Relational & Social Capability,C3.10,Help-Seeking,"If I cannot resolve something on my own, I can identify someone appropriate to ask for help.",Positive,POSITIVE,18–25,College/Work,CORE,READY,64,6193aa99f74074f0abae1c8ff1c5ed9a58f9f93d8e2da91e84285d7b68d33fed
santulan-emergingadult-pilot-v3.1,C3-31,C3,Relational & Social Capability,C3.11,Belonging & Connection,I can take steps to maintain relationships that are important to me.,Positive,POSITIVE,13–25,General,CORE,READY — POST-PILOT PRIORITY,65,76e914adcd547a65ee55f4e82765944dbd18301e5aeffc7e418fc01c72aa0af1
santulan-emergingadult-pilot-v3.1,C3-33,C3,Relational & Social Capability,C3.11,Belonging & Connection,"When I enter a new social environment, I can take steps to get to know people.",Positive,POSITIVE,18–25,College/Work,CORE,READY,66,947d4fbd57f3bae4cbd04e35ef7fde55a466891984a3e690d5c4a9119ebfe2d4
santulan-emergingadult-pilot-v3.1,C3-34,C3,Relational & Social Capability,C3.12,Digital Relational Conduct,I think about how a message or post may affect another person before I send or share it.,Positive,POSITIVE,13–25,Digital,CORE,READY,67,107ba79a43d61496b893f5ad2c88a37d9be1ffdbda864b75a94ed7bd1589856f
santulan-emergingadult-pilot-v3.1,C3-36,C3,Relational & Social Capability,C3.12,Digital Relational Conduct,"When an online interaction becomes uncomfortable, I can decide how to handle it in the moment.",Positive,POSITIVE,18–25,Digital,CORE,READY,68,993c92ddf692dbba4b82bb26433b2baad6901dcd02b7d916fed9627b09bb7a42
santulan-emergingadult-pilot-v3.1,C4-01,C4,Identity & Self-Concept,C4.1,Self-Concept Clarity,I have a reasonably clear sense of the kind of person I am.,Positive,POSITIVE,13–25,General,CORE,READY,69,2935a747f013428e5e97d2af6a305c73b7defd50f0f7e986367fc98b420ecab5
santulan-emergingadult-pilot-v3.1,C4-03,C4,Identity & Self-Concept,C4.1,Self-Concept Clarity,I can explain how different parts of my life fit with my sense of who I am.,Positive,POSITIVE,18–25,College/Work,CORE,READY — POST-PILOT PRIORITY,70,f91f982c6c399304cba87c1c14f70b9704314f2cd738d77f7637a8f4d468b559
santulan-emergingadult-pilot-v3.1,C4-04,C4,Identity & Self-Concept,C4.2,Self-Worth,My sense of worth does not depend entirely on how well I perform.,Positive,POSITIVE,13–25,General,CORE,READY — POST-PILOT PRIORITY,71,2e0bdd7b9e27bee09ecf4c4e3c2a6ebcf5660a1ebfaf70f8c62c8eb9a12e648e
santulan-emergingadult-pilot-v3.1,C4-06,C4,Identity & Self-Concept,C4.2,Self-Worth,A setback in one area does not completely determine how I judge myself.,Positive,POSITIVE,18–25,College/Work,CORE,READY — POST-PILOT PRIORITY,72,a5948eb47ff50ee0583672918f581eaf7fc04b5afb13f371f7417c7f0acd6028
santulan-emergingadult-pilot-v3.1,C4-07,C4,Identity & Self-Concept,C4.3,Identity Coherence,I can recognise when different parts of my life feel difficult to fit together and think about what each part means to me.,Positive,POSITIVE,13–25,General,CORE,READY — POST-PILOT PRIORITY,73,6aec471fdbab741edca8513a13c51721d052a98a2c7aa77b4ea3ab80449c73dc
santulan-emergingadult-pilot-v3.1,C4-09,C4,Identity & Self-Concept,C4.3,Identity Coherence,"When my roles or commitments pull me in different directions, I can work out what fits together and what does not.",Positive,POSITIVE,18–25,College/Work,CORE,READY,74,9419d9b2db3e3e8464ba170c597299f939753979cc76b1ce61f06d39db022d81
santulan-emergingadult-pilot-v3.1,C4-10,C4,Identity & Self-Concept,C4.4,Authenticity,"I can make choices that are consistent with what I genuinely think and value, even when other people may choose differently.",Positive,POSITIVE,13–25,General,CORE,READY,75,47332169e947fc03b60d8564d9cdcfc3e1b4cff45efaa055a0236dda8ae9a93d
santulan-emergingadult-pilot-v3.1,C4-12,C4,Identity & Self-Concept,C4.4,Authenticity,I can notice when a choice reflects what I genuinely want and when it mainly reflects what I think others expect from me.,Positive,POSITIVE,18–25,College/Work,CORE,READY — POST-PILOT PRIORITY,76,709c45f7a72ba4d9e6a67b8cfeaa6e85817ff51e0e5e539630a004f11da10463
santulan-emergingadult-pilot-v3.1,C4-13,C4,Identity & Self-Concept,C4.5,Autonomy,I can make important choices based on reasons that I personally accept.,Positive,POSITIVE,13–25,General,CORE,READY,77,12fa127cd50509d2795b92df1f7d56c708edab5f46e172e1ca149511b8626046
santulan-emergingadult-pilot-v3.1,C4-15,C4,Identity & Self-Concept,C4.5,Autonomy,I can distinguish between choices I genuinely endorse and choices I am making mainly because I feel pressured.,Positive,POSITIVE,18–25,College/Work,CORE,READY,78,123c760bebe2627d95f3a8cd56846865268d6dcd0c341ef0aaced5a4d5f7ce42
santulan-emergingadult-pilot-v3.1,C5-01,C5,"Values, Purpose & Future Agency",C5.1,Values Clarity,I can identify the principles that matter to me when I make important choices.,Positive,POSITIVE,13–25,General,CORE,READY,79,91fbfb03edb4f6049fe57d849033af250a1d9342929e28aa45816f4eaa1961b0
santulan-emergingadult-pilot-v3.1,C5-03,C5,"Values, Purpose & Future Agency",C5.1,Values Clarity,"When I face an important choice, I can identify which values or principles are most relevant to me.",Positive,POSITIVE,18–25,College/Work,CORE,READY,80,58fcf768253556b8b9594c8be665dd198a4cd4b02bf65b4991100750377b8613
santulan-emergingadult-pilot-v3.1,C5-04,C5,"Values, Purpose & Future Agency",C5.2,Personal Agency,I can identify actions I can take to influence outcomes that matter to me.,Positive,POSITIVE,13–25,General,CORE,READY,81,a1485a4005c17debec6c475566e716d59df7fee5b0fdc0e8090c793aca0bb377
santulan-emergingadult-pilot-v3.1,C5-06,C5,"Values, Purpose & Future Agency",C5.2,Personal Agency,"When I cannot control an outcome, I can identify what I can still influence through my own actions.",Positive,POSITIVE,18–25,College/Work,CORE,READY,82,6b3812435eba339f935474ca95efd6ea5e5d3415ae584ff851c19604668ae493
santulan-emergingadult-pilot-v3.1,C5-07,C5,"Values, Purpose & Future Agency",C5.3,Purpose & Meaning,"I can identify activities, relationships or goals that give my life a sense of meaning.",Positive,POSITIVE,13–25,General,CORE,READY,83,f6c26709e5170efd5308d4d93ce20dbca0103e14bfa8cd41c1204e420a43fdd9
santulan-emergingadult-pilot-v3.1,C5-09,C5,"Values, Purpose & Future Agency",C5.3,Purpose & Meaning,I can connect some of my current choices with what I find personally meaningful.,Positive,POSITIVE,18–25,College/Work,CORE,READY — POST-PILOT PRIORITY,84,cace864ce414c38e80dc5cf2d2ca89beb550d165a0457bab6e67f55a070bf8b1
santulan-emergingadult-pilot-v3.1,C5-10,C5,"Values, Purpose & Future Agency",C5.4,Future Orientation,I can think about how choices I make now may affect my future.,Positive,POSITIVE,13–25,General,CORE,READY,85,a064c6405aadbf9249be10a9664213c2d9459cd1fe672a1ce82da61d8a86a691
santulan-emergingadult-pilot-v3.1,C5-12,C5,"Values, Purpose & Future Agency",C5.4,Future Orientation,I can consider how my current priorities may affect the options available to me later.,Positive,POSITIVE,18–25,College/Work,CORE,READY,86,cdcc51ac87d9d480409c92d35f70122abe9e631a1898a287f95de3c4351fa339
santulan-emergingadult-pilot-v3.1,C5-13,C5,"Values, Purpose & Future Agency",C5.5,Decision Capability,"I can make an important decision after considering what matters, what I know and what I do not know.",Positive,POSITIVE,13–25,General,CORE,READY,87,df9015611e319d92f9e7894e0ecf2a3e54ff776293684d42e6c37bf9c51f69eb
santulan-emergingadult-pilot-v3.1,C5-15,C5,"Values, Purpose & Future Agency",C5.5,Decision Capability,"When I need to make a decision without knowing everything, I can use the information I have to choose a reasonable way forward.",Positive,POSITIVE,18–25,College/Work,CORE,READY — POST-PILOT PRIORITY,88,4799e0c4cfb15f7a91766c10063a6bba6a1bf740710de040758e50df6678191a
santulan-emergingadult-pilot-v3.1,C5-16,C5,"Values, Purpose & Future Agency",C5.6,Pathways Thinking,"When I want to reach an important goal, I can think of more than one possible way forward.",Positive,POSITIVE,13–25,General,CORE,READY,89,526c71617b495577b1adb7c2f1d70a1d424de242410bf12050d6a04939743fe4
santulan-emergingadult-pilot-v3.1,C5-18,C5,"Values, Purpose & Future Agency",C5.6,Pathways Thinking,"When a route toward an important goal closes, I can identify other routes that may still fit what I want.",Positive,POSITIVE,18–25,College/Work,CORE,READY,90,2db3aba5aa352ead298a0d7f49af1264b3ddc1013a44f5732314946c76c4f02d
santulan-emergingadult-pilot-v3.1,C5-19,C5,"Values, Purpose & Future Agency",C5.7,Personal Responsibility,I can recognise my part in an outcome without taking responsibility for things I could not control.,Positive,POSITIVE,13–25,General,CORE,READY,91,828cce045e74e695c18cf9f3458e951cc37fd8d2029661904e1f645ecf3c4641
santulan-emergingadult-pilot-v3.1,C5-21,C5,"Values, Purpose & Future Agency",C5.7,Personal Responsibility,I can take responsibility for actions I control while recognising limits to my control over outcomes.,Positive,POSITIVE,18–25,College/Work,CORE,READY,92,1fd3df6955683bafa6bf7fb52e5060f03e4a9e1777d200d309e57679a5f11644
santulan-emergingadult-pilot-v3.1,C6-01,C6,Adaptability & Resilience,C6.1,Cognitive Flexibility,"When my usual way of handling a difficult situation isn't working, I can try a different way of responding to it.",Positive,POSITIVE,13–25,General,CORE,READY — POST-PILOT PRIORITY,93,4153d61daf1ffe945a16661f11261e4a2e22a777632edad341871a30ae943045
santulan-emergingadult-pilot-v3.1,C6-03,C6,Adaptability & Resilience,C6.1,Cognitive Flexibility,"When new information changes what a situation requires, I can adjust how I'm thinking about it or responding to it.",Positive,POSITIVE,18–25,College/Work,CORE,READY — POST-PILOT PRIORITY,94,39ecee7acba5a7b38f7c78c737cae627de06b034c515e917a79e9080be06c111
santulan-emergingadult-pilot-v3.1,C6-04,C6,Adaptability & Resilience,C6.2,Coping Flexibility,"I can match how I cope with a difficulty to what the situation actually needs, rather than relying on one fixed approach.",Positive,POSITIVE,13–25,General,CORE,READY — POST-PILOT PRIORITY,95,2a155d66c5c74ffd66d26a686a0ad3895483765979b7daa9378728b0cb8f4dfe
santulan-emergingadult-pilot-v3.1,C6-06,C6,Adaptability & Resilience,C6.2,Coping Flexibility,"I can recognise when a coping approach that has worked before isn’t the right fit for a new situation, and adjust.",Positive,POSITIVE,18–25,College/Work,CORE,READY — POST-PILOT PRIORITY,96,cc5579beb67a5059fc80a8c530e086a3388100fa392c307a34316c7a6e0e4697
santulan-emergingadult-pilot-v3.1,C6-07,C6,Adaptability & Resilience,C6.3,Uncertainty Tolerance,I can function reasonably well even when I don’t know how a situation will turn out.,Positive,POSITIVE,13–25,General,CORE,READY,97,3abaeceb0f93b02486b78bdb3867a70eeeae21d221c65fce74bbb82e86abc668
santulan-emergingadult-pilot-v3.1,C6-09,C6,Adaptability & Resilience,C6.3,Uncertainty Tolerance,I can make a reasonable decision even when I don’t have all the information I would like to have.,Positive,POSITIVE,18–25,College/Work,CORE,READY,98,361a12f539b188c4bf627c6a715cbd62dc89c0b1487ee201b0b3ecac7603de00
santulan-emergingadult-pilot-v3.1,C6-10,C6,Adaptability & Resilience,C6.4,Setback Response,"After something doesn’t go the way I hoped, I can figure out a reasonable next step.",Positive,POSITIVE,13–25,General,CORE,READY,99,078994119906ab07daeba2cb85714327ec943257b0332cbc36f06c9f9b25d359
santulan-emergingadult-pilot-v3.1,C6-12,C6,Adaptability & Resilience,C6.4,Setback Response,"When a setback happens, I can take some time to process it and then figure out how to move forward.",Positive,POSITIVE,18–25,College/Work,CORE,READY,100,89140e77241aba253c1f0bf0e6199509bf3644253e01a43a8883c9cc4fb31e14
santulan-emergingadult-pilot-v3.1,C6-13,C6,Adaptability & Resilience,C6.5,Failure Response,"When I fail at something that matters to me, I can process it and figure out what to do next rather than shutting down.",Positive,POSITIVE,13–25,General,CORE,READY — POST-PILOT PRIORITY,101,1589ba47911b99bfdbd30e0dc00cd4cc036f089fc21f6f3f84ea4af3995187cf
santulan-emergingadult-pilot-v3.1,C6-15,C6,Adaptability & Resilience,C6.5,Failure Response,"After a significant failure, I can identify a next step rather than staying stuck in how bad it feels.",Positive,POSITIVE,18–25,College/Work,CORE,READY — POST-PILOT PRIORITY,102,99929667c52f6422ca0f5bac3f187ddf61051e5fa2efdc7cc6d8386e8078c27b
santulan-emergingadult-pilot-v3.1,C6-16,C6,Adaptability & Resilience,C6.6,Challenge Orientation,I can approach a difficult situation as something to work through rather than only as a threat to avoid.,Positive,POSITIVE,13–25,General,CORE,READY,103,c14a3d97ded64c5e11fc0c28b717b38ad98d23a5f14f66329a1914486a03f5a6
santulan-emergingadult-pilot-v3.1,C6-18,C6,Adaptability & Resilience,C6.6,Challenge Orientation,"I can take on a demanding situation by focusing on what I might be able to do about it, rather than only on what could go wrong.",Positive,POSITIVE,18–25,College/Work,CORE,READY,104,60eccfa6e75b8c0d1f25e12a5c4f2ac2a15a1eab2b1eb213d8fd96abc1dac057
santulan-emergingadult-pilot-v3.1,C6-19,C6,Adaptability & Resilience,C6.7,Functional Recovery,"After a difficult period, I can gradually get back to functioning in my day-to-day life.",Positive,POSITIVE,13–25,General,CORE,READY,105,b06549b4d657258bee205d3ecc2d7f18992e21cc2c105a1f547112446fa6abc9
santulan-emergingadult-pilot-v3.1,C6-21,C6,Adaptability & Resilience,C6.7,Functional Recovery,"Following a difficult stretch, I can rebuild my day-to-day functioning over time, even if it takes a while.",Positive,POSITIVE,18–25,College/Work,CORE,READY,106,6e066f52b7e31e1423a4a330060dabf0e55fbc44bd60b3639faa099e5a102ff3
santulan-emergingadult-pilot-v3.1,C6-22,C6,Adaptability & Resilience,C6.8,Learning From Experience,I can look back at a difficult experience and identify something useful I learned from it.,Positive,POSITIVE,13–25,General,CORE,READY,107,95d87b53e749ef11a759165b9bccb1e109d02d25fe12fa7942cfe0da4b285d5b
santulan-emergingadult-pilot-v3.1,C6-24,C6,Adaptability & Resilience,C6.8,Learning From Experience,I can extract a useful lesson from a difficult experience without needing everything to have gone perfectly for it to be useful.,Positive,POSITIVE,18–25,College/Work,CORE,READY,108,9680ee86d85bdfb7efd5c697f2da6c4553b1098ea138541e4c844d62371081d2
santulan-emergingadult-pilot-v3.1,C6-25,C6,Adaptability & Resilience,C6.9,Change Readiness,"When something in my life changes unexpectedly, I can start adjusting to the new situation rather than resisting it.",Positive,POSITIVE,13–25,General,CORE,READY — POST-PILOT PRIORITY,109,2c114d96920163f359cd8820e2bd886b3d8545a2f95e9b349552d90a185368b2
santulan-emergingadult-pilot-v3.1,C6-27,C6,Adaptability & Resilience,C6.9,Change Readiness,"When I can see a change coming, I can start preparing for it before it happens.",Positive,POSITIVE,18–25,College/Work,CORE,READY — POST-PILOT PRIORITY,110,d473f33182387d36ba7eccb5ed96cb644ede8e38e8a48d55ca045d62b501c54a
santulan-emergingadult-pilot-v3.1,C6-28,C6,Adaptability & Resilience,C6.10,Psychological Flexibility,"Even when I’m having a difficult thought or feeling, I can still act in ways that matter to me.",Positive,POSITIVE,13–25,General,CORE,READY,111,39a9ee1464fa67eeb2b3bff0f60b7410a8b30c858db55a172396ee8057d5a6de
santulan-emergingadult-pilot-v3.1,C6-30,C6,Adaptability & Resilience,C6.10,Psychological Flexibility,I can hold uncomfortable thoughts or feelings without letting them completely stop me from doing what matters to me.,Positive,POSITIVE,18–25,College/Work,CORE,READY,112,c9935104f4973a76e0f44d6b076aaa5dca189f830e9863e3e420a0c5444ffa41
santulan-emergingadult-pilot-v3.1,C7-01,C7,Self-Directed Learning & Executive Capability,C7A.1,Attention Regulation,I can bring my attention back to what I need to focus on when it starts to drift.,Positive,POSITIVE,13–25,General,CORE,READY,113,86b5e8c3fc6695c6773f9ff6605e8cc87ca543a769d6f80918bca7910419ac28
santulan-emergingadult-pilot-v3.1,C7-02,C7,Self-Directed Learning & Executive Capability,C7A.1,Attention Regulation,"When I notice that my attention has moved away from an important task, I can bring it back to what I need to do.",Positive,POSITIVE,13–25,General,CORE,READY,114,838f8aeb407c47d5ffbc07c51f660297720c8eb8ed2d1f52c8042da732495f1d
santulan-emergingadult-pilot-v3.1,C7-03,C7,Self-Directed Learning & Executive Capability,C7A.1,Attention Regulation,I can keep my attention on an important task even when it takes longer than expected.,Positive,POSITIVE,13–25,General,CORE,READY,115,728c7dc77cfac637b8fb04e8db2c1c0b11881c1f5a129fc109d1ed5dc2a5395c
santulan-emergingadult-pilot-v3.1,C7-04,C7,Self-Directed Learning & Executive Capability,C7A.2,Inhibitory Control,I can pause before taking an action when doing it immediately could interfere with an important task.,Positive,POSITIVE,13–25,General,CORE,READY,116,c63e38e8a280ba49c3abe63611d988c24d9e7081ee35bdfdbd85c3ecc9ea577d
santulan-emergingadult-pilot-v3.1,C7-05,C7,Self-Directed Learning & Executive Capability,C7A.2,Inhibitory Control,I can resist doing something immediately when waiting would help me complete an important task.,Positive,POSITIVE,13–25,General,CORE,READY,117,778bc728f3e11435cd99d5b085adf21cb7f012763e4338965aef4ebfeb192a5f
santulan-emergingadult-pilot-v3.1,C7-06,C7,Self-Directed Learning & Executive Capability,C7A.2,Inhibitory Control,I can stop myself from responding immediately when a situation requires a more considered response.,Positive,POSITIVE,13–25,General,CORE,READY,118,99f3bb999b99d70037c80408bb3394021f88ae0e0083faf73980230fef555006
santulan-emergingadult-pilot-v3.1,C7-07,C7,Self-Directed Learning & Executive Capability,C7A.3,Organisational Memory Strategies,"I use reminders, notes or lists to keep track of what I need to do.",Positive,POSITIVE,13–25,General,CORE,READY,119,0844d132c4519620b9b4c6b626f43873a973d8c05fa7cbfc5dc23d33d1301559
santulan-emergingadult-pilot-v3.1,C7-08,C7,Self-Directed Learning & Executive Capability,C7A.3,Organisational Memory Strategies,"When a task has several parts, I use a method like a checklist or notes to keep track of what's needed.",Positive,POSITIVE,13–25,General,CORE,READY,120,13596fb516312793e71f479976e34e1085944955f135c45649f05179a8ac05b7
santulan-emergingadult-pilot-v3.1,C7-09,C7,Self-Directed Learning & Executive Capability,C7A.3,Organisational Memory Strategies,"I keep track of task details using tools such as lists, reminders or notes, rather than relying only on memory.",Positive,POSITIVE,13–25,General,CORE,READY,121,3825e682ad44d88d9bf5f7e3b41afd96b94340f30d88e88579d1fe1cb826ab94
santulan-emergingadult-pilot-v3.1,C7-10,C7,Self-Directed Learning & Executive Capability,C7A.4,Task Initiation,"When an important task needs to be done, I can take a first step without waiting to feel fully ready.",Positive,POSITIVE,13–25,General,CORE,READY,122,8ce644251ef2cb3e5ec793f005088a5e14a57f282be9f6f0273260903110a5cf
santulan-emergingadult-pilot-v3.1,C7-11,C7,Self-Directed Learning & Executive Capability,C7A.4,Task Initiation,"When an important task needs attention, I can begin even when I would rather be doing something else.",Positive,POSITIVE,13–25,General,CORE,READY,123,555f73349737b82c7949e48e46576f8a2c6fb0c80f3d66905537551013172cf9
santulan-emergingadult-pilot-v3.1,C7-12,C7,Self-Directed Learning & Executive Capability,C7A.4,Task Initiation,"When I have been putting off an important responsibility, I can take a concrete first step toward doing it.",Positive,POSITIVE,13–25,General,CORE,READY,124,56e2953741dbdf0502f1606488785b30f2ffb2445f5c8b783141d32d47a1b922
santulan-emergingadult-pilot-v3.1,C7-13,C7,Self-Directed Learning & Executive Capability,C7A.5,Planning,I can break an important task into steps that help me move it forward.,Positive,POSITIVE,13–25,General,CORE,READY,125,71ed0bfd4f63dc4884873b0ebb2cc2769cb53abeed614f0e50d5e69a339f9c4d
santulan-emergingadult-pilot-v3.1,C7-14,C7,Self-Directed Learning & Executive Capability,C7A.5,Planning,"When a task feels large, I can divide it into smaller steps.",Positive,POSITIVE,13–25,General,CORE,READY,126,b00a983e689e245ecf00cc7d2751c8b34b415a9d6ec5d9ddd210a688e68bfada
santulan-emergingadult-pilot-v3.1,C7-15,C7,Self-Directed Learning & Executive Capability,C7A.5,Planning,"For a complex task, I can identify the main steps and an order in which to approach them.",Positive,POSITIVE,13–25,General,CORE,READY,127,64038ae4f2f79e351b9b71d848c6eba07813ffe353834785aaeb1f97dafce7aa
santulan-emergingadult-pilot-v3.1,C7-16,C7,Self-Directed Learning & Executive Capability,C7A.6,Organisation,I can organise the information or tasks I need so that I can use them when required.,Positive,POSITIVE,13–25,General,CORE,READY,128,2f611bc55f3566cdf7a9c0ca1b7d3c9e41775066dbe08c7e5b9fe4ee0835ef51
santulan-emergingadult-pilot-v3.1,C7-17,C7,Self-Directed Learning & Executive Capability,C7A.6,Organisation,I can keep track of what needs to be done when I have several responsibilities at the same time.,Positive,POSITIVE,13–25,General,CORE,READY,129,a5e0919cf62c84ba47e6ef424a3539d849a04ef7199461f0ca68723337f29937
santulan-emergingadult-pilot-v3.1,C7-18,C7,Self-Directed Learning & Executive Capability,C7A.6,Organisation,I can organise important responsibilities in a way that helps me follow through on them.,Positive,POSITIVE,13–25,General,CORE,READY,130,0ef06b5e4a8be29d6c4e3e6d742a9c14a4d5bb1445f3a071bb959739eacf92d4
santulan-emergingadult-pilot-v3.1,C7-19,C7,Self-Directed Learning & Executive Capability,C7B.1,Metacognition,I can judge how well I understand something and recognise when my understanding may be incomplete.,Positive,POSITIVE,13–25,General,CORE,READY,131,cfee265ac684990a9e3179c70d9c3a21ef1880df93bb20a5b6e3105273ac7639
santulan-emergingadult-pilot-v3.1,C7-20,C7,Self-Directed Learning & Executive Capability,C7B.1,Metacognition,I can tell when I understand something well enough and when I need to learn more.,Positive,POSITIVE,13–25,General,CORE,READY,132,f1be0068e834d0587dd7cd9b83efe1f77d35932a70541223d4374e15ee977004
santulan-emergingadult-pilot-v3.1,C7-21,C7,Self-Directed Learning & Executive Capability,C7B.1,Metacognition,I can recognise when my understanding of a topic is incomplete before relying on it.,Positive,POSITIVE,13–25,General,CORE,READY,133,71ba7158e91ed41ac2a34c2fc434d5ef7ea6051cee2e997e8898e3000dff8b70
santulan-emergingadult-pilot-v3.1,C7-22,C7,Self-Directed Learning & Executive Capability,C7B.2,Strategy Selection,I can choose a learning approach that fits what I am trying to learn.,Positive,POSITIVE,13–25,General,CORE,READY,134,de84ac337cf1430ac3e2e05172380f851276d507ed66a8f360c7a78e006ca8dc
santulan-emergingadult-pilot-v3.1,C7-23,C7,Self-Directed Learning & Executive Capability,C7B.2,Strategy Selection,I can choose different ways of studying depending on what I need to learn.,Positive,POSITIVE,13–25,General,CORE,READY,135,ab0bccc6ca0ec3ccbe9f14a912a1379928fe3cf7773862b72f83518ef725283a
santulan-emergingadult-pilot-v3.1,C7-24,C7,Self-Directed Learning & Executive Capability,C7B.2,Strategy Selection,I can change my learning approach when the demands of a task require a different strategy.,Positive,POSITIVE,13–25,General,CORE,READY,136,0ee5d7e0b5055a8a6786979691cf85168ef7056eb94c56d1faea1d4b73e4abab
santulan-emergingadult-pilot-v3.1,C7-25,C7,Self-Directed Learning & Executive Capability,C7B.3,Self-Monitoring,"While working, I can notice when I have misunderstood something or made an error that needs attention.",Positive,POSITIVE,13–25,General,CORE,READY,137,3eea8f48a0bedce1cad19314958c43653de3356010c095fa0a30e87e56ea7b8b
santulan-emergingadult-pilot-v3.1,C7-26,C7,Self-Directed Learning & Executive Capability,C7B.3,Self-Monitoring,I can check my progress during an important task and recognise when I need to change what I am doing.,Positive,POSITIVE,13–25,General,CORE,READY,138,f0948de2fffcc0f8d4b4a98403411fa59aaa04b0ebeb519b37c794ec46279ab1
santulan-emergingadult-pilot-v3.1,C7-27,C7,Self-Directed Learning & Executive Capability,C7B.3,Self-Monitoring,I can check my progress during important work and adjust if I am not moving toward the intended result.,Positive,POSITIVE,13–25,General,CORE,READY,139,da83ce9f395c47a3c2888cde9b9b3fa4133a85e0366833197febeeecd7d9e40b
santulan-emergingadult-pilot-v3.1,C7-28,C7,Self-Directed Learning & Executive Capability,C7B.4,Feedback Utilisation,I can evaluate useful feedback and apply what is relevant to improve my work.,Positive,POSITIVE,13–25,General,CORE,READY,140,cf40d74c0fdf221ce66ce19ca4768dee49ed4645501d9c2689c606c7e4e160f5
santulan-emergingadult-pilot-v3.1,C7-29,C7,Self-Directed Learning & Executive Capability,C7B.4,Feedback Utilisation,"When feedback does not seem useful for the task, I can consider it without automatically changing what I am doing.",Positive,POSITIVE,13–25,General,CORE,READY,141,73e508623a5ce89bb4d418365295994fb57eb0fdde1f71cd72373ef6754b339f
santulan-emergingadult-pilot-v3.1,C7-30,C7,Self-Directed Learning & Executive Capability,C7B.4,Feedback Utilisation,"I can consider feedback and decide what change, if any, would improve my approach.",Positive,POSITIVE,13–25,General,CORE,READY,142,5118323a46ee59f2127e31dc04f6dd724952ec464d0988615df3f530d09547b6
santulan-emergingadult-pilot-v3.1,C7-31,C7,Self-Directed Learning & Executive Capability,C7B.5,Knowledge Seeking,"When I lack information needed for an important task, I can identify the gap and seek an appropriate source.",Positive,POSITIVE,13–25,General,CORE,READY,143,2ccc0a5194e8bc2fb73c4a1a44a11847a023703607ca9709e7387459f1531636
santulan-emergingadult-pilot-v3.1,C7-32,C7,Self-Directed Learning & Executive Capability,C7B.5,Knowledge Seeking,"When I do not understand something important, I can identify what I need to find out next.",Positive,POSITIVE,13–25,General,CORE,READY,144,88fbd8e03e3ba98b18b93bb917fa046a67dbdf1f7b6aabc8dbedb103b76dea49
santulan-emergingadult-pilot-v3.1,C7-33,C7,Self-Directed Learning & Executive Capability,C7B.5,Knowledge Seeking,"When my knowledge is insufficient for an important responsibility, I can identify useful sources or information to close the gap.",Positive,POSITIVE,13–25,General,CORE,READY,145,9ae797be4a228fcca9b812a0364837a5bf7dce3ee783ec8c443e5406fb8dcdc1
santulan-emergingadult-pilot-v3.1,C7-34,C7,Self-Directed Learning & Executive Capability,C7B.6,Self-Directed Learning,"When I need to learn something, I can take independent steps to move my learning forward.",Positive,POSITIVE,13–25,General,CORE,READY — POST-PILOT PRIORITY,146,6ee5e2f6f0a81126e4ef882e57909b596cbeff0f15228ea422e58374b7ac37d7
santulan-emergingadult-pilot-v3.1,C7-35,C7,Self-Directed Learning & Executive Capability,C7B.6,Self-Directed Learning,I can take some steps to learn something on my own after I know what I need to understand.,Positive,POSITIVE,13–25,General,CORE,READY,147,e43500ffd5dda6e2e18de27661981f20b36808b3c51e99a685b7f9b3fbd0cf33
santulan-emergingadult-pilot-v3.1,C7-36,C7,Self-Directed Learning & Executive Capability,C7B.6,Self-Directed Learning,I can organise my own learning when a responsibility requires me to develop knowledge or skill independently.,Positive,POSITIVE,13–25,General,CORE,READY,148,364541dc0838c55cb92fcbe1692b40e09fc0d707d9497990d40ace26c7f175bf
santulan-emergingadult-pilot-v3.1,C7-37,C7,Self-Directed Learning & Executive Capability,C7B.7,Epistemic Humility,"When reliable evidence shows that my understanding may be wrong, I can reconsider my view.",Positive,POSITIVE,13–25,General,CORE,READY,149,995588dfd7e937110264b46eb51ac5b29182a7c31a0526cf09590e4915d3b3f1
santulan-emergingadult-pilot-v3.1,C7-38,C7,Self-Directed Learning & Executive Capability,C7B.7,Epistemic Humility,"If I find evidence that challenges what I think, I can consider whether I need to change my understanding.",Positive,POSITIVE,13–25,General,CORE,READY,150,6fdb75cc9d851b7bb5081221cee8d489db6f87f4a91af5f78231cd314bbbd4da
santulan-emergingadult-pilot-v3.1,C7-39,C7,Self-Directed Learning & Executive Capability,C7B.7,Epistemic Humility,"When credible information challenges my view, I can examine it before deciding whether my view needs to change.",Positive,POSITIVE,13–25,General,CORE,READY,151,07f46f3cf19abfa33f4908f47bac76dbafe6b0fd13c7bbe46786375c483bd1e1
santulan-emergingadult-pilot-v3.1,C7-40,C7,Self-Directed Learning & Executive Capability,C7C.1,Goal Setting,I can turn an intended outcome into a clear goal that guides what I do next.,Positive,POSITIVE,13–25,General,CORE,READY — POST-PILOT PRIORITY,152,1eb72f634b9db1d323bb09a3f2d7d291bf0e99e68f980a7acaba06fc2954ab3c
santulan-emergingadult-pilot-v3.1,C7-41,C7,Self-Directed Learning & Executive Capability,C7C.1,Goal Setting,"When I want to achieve something, I can make the goal clear enough to know what I am trying to do.",Positive,POSITIVE,13–25,General,CORE,READY,153,5e47c2addc1d5d1ccbea11dddb996a11f25e2c2dce9232b2a7fa34763465a2f0
santulan-emergingadult-pilot-v3.1,C7-42,C7,Self-Directed Learning & Executive Capability,C7C.1,Goal Setting,I can define an important goal clearly enough to guide what I do next.,Positive,POSITIVE,13–25,General,CORE,READY,154,15f6c92f49baa74d91e1064d6e1ea889240c0cd5abde56ef4ddd5f930f9e930f
santulan-emergingadult-pilot-v3.1,C7-43,C7,Self-Directed Learning & Executive Capability,C7C.2,Goal Persistence,"When progress toward an important goal is slow, I can continue working while considering whether my approach needs to change.",Positive,POSITIVE,13–25,General,CORE,READY,155,d0fcc69c756174a2b9c0c2d33d6ac71bc4aacc62060a36943ecd213829aa4355
santulan-emergingadult-pilot-v3.1,C7-44,C7,Self-Directed Learning & Executive Capability,C7C.2,Goal Persistence,"When an important goal becomes difficult, I can keep working toward it when the goal is still worth pursuing.",Positive,POSITIVE,13–25,General,CORE,READY,156,b64b453e4964842711f43e234c35c5288901567655a3acccd1058d11aaddc0bd
santulan-emergingadult-pilot-v3.1,C7-45,C7,Self-Directed Learning & Executive Capability,C7C.2,Goal Persistence,I can sustain effort toward an important goal while checking whether it still makes sense to pursue it.,Positive,POSITIVE,13–25,General,CORE,READY,157,8b429b97473cbaace79ff0cde6fb007f8e9e2974c67c802734375406a2d5000b
santulan-emergingadult-pilot-v3.1,C7-46,C7,Self-Directed Learning & Executive Capability,C7C.3,Progress Monitoring,I can compare my progress with what I intended to achieve and decide what needs to change.,Positive,POSITIVE,13–25,General,CORE,READY,158,6308601e8e7d95fa2cb48e644b916e3bef1fa0f6fcd62b8cc1051a78cb3482fc
santulan-emergingadult-pilot-v3.1,C7-47,C7,Self-Directed Learning & Executive Capability,C7C.3,Progress Monitoring,I can check how my progress compares with what I planned and decide what to change.,Positive,POSITIVE,13–25,General,CORE,READY,159,eac51895e7bcd480c2b95edb1de917ecac77597681bfcd1b80aaea969680eeac
santulan-emergingadult-pilot-v3.1,C7-48,C7,Self-Directed Learning & Executive Capability,C7C.3,Progress Monitoring,I can review progress toward an important goal and identify whether my next action needs to change.,Positive,POSITIVE,13–25,General,CORE,READY,160,86559e09f0b4ca7a8abdf0cc41bcc6bd0b3bf8b067ce67c2520565a70c610602
santulan-emergingadult-pilot-v3.1,C7-49,C7,Self-Directed Learning & Executive Capability,C7C.4,Mastery Orientation,"I focus on improving my understanding or ability, not only on demonstrating that I can already do something well.",Positive,POSITIVE,13–25,General,CORE,READY,161,07d8671d2ef271a581958686ed394ae7866fc17ce302c143117b40d0418b5487
santulan-emergingadult-pilot-v3.1,C7-50,C7,Self-Directed Learning & Executive Capability,C7C.4,Mastery Orientation,"When learning something difficult, I can focus on getting better rather than only on how I compare with others.",Positive,POSITIVE,13–25,General,CORE,READY,162,336b19990d27f7b6d6b571eb20ba9127c65a178ff191ebaa65cec32a6ad1f451
santulan-emergingadult-pilot-v3.1,C7-51,C7,Self-Directed Learning & Executive Capability,C7C.4,Mastery Orientation,"I can judge progress by what I am learning or improving, not only by how I perform compared with others.",Positive,POSITIVE,13–25,General,CORE,READY,163,3ff64120b30c9262842a52311a56ee9e1bf217612646480f0ddeb067f930f886
santulan-emergingadult-pilot-v3.1,C7-52,C7,Self-Directed Learning & Executive Capability,C7C.5,Performance-Approach Orientation,I can pursue strong performance without needing my results to prove that I am better than other people.,Positive,POSITIVE,13–25,General,CORE,READY,164,7564cb841bd14f406ae0f09db0592a71bc640c68dfb91ee5c934ae011d17016f
santulan-emergingadult-pilot-v3.1,C7-53,C7,Self-Directed Learning & Executive Capability,C7C.5,Performance-Approach Orientation,I can want to do well without needing to prove that I am better than classmates.,Positive,POSITIVE,13–25,General,CORE,READY,165,5a5941bb45778128f3eba2b94ad82bd135033f07832a8beebd9d7f6893dfb11f
santulan-emergingadult-pilot-v3.1,C7-54,C7,Self-Directed Learning & Executive Capability,C7C.5,Performance-Approach Orientation,I can value strong performance without relying on comparison with others to judge my personal worth.,Positive,POSITIVE,13–25,General,CORE,READY,166,a039bd9c6b939c69a14b502094af7e4352cf77fffaebec55425e2d1501903b9a
santulan-emergingadult-pilot-v3.1,C7-55,C7,Self-Directed Learning & Executive Capability,C7C.6,Avoidance Orientation,"When a task makes me worry about failing or looking incompetent, I can still choose to engage with it.",Positive,POSITIVE,13–25,General,CORE,READY — FIRST DRAFT (prioritise in Gate 2),167,09f560d9c2b20cd525c48bb7baf2896aa23cf712c29220f19efb708bd93c0833
santulan-emergingadult-pilot-v3.1,C7-57,C7,Self-Directed Learning & Executive Capability,C7C.6,Avoidance Orientation,I can take on a task even when I'm worried it might make me look less capable than others.,Positive,POSITIVE,18–25,College/Work,CORE,READY — FIRST DRAFT (prioritise in Gate 2),168,debf8b4dd9c8c7d73d3655764cf09db214d60ff1ae2d1f4f57626a43d358cdc1
santulan-emergingadult-pilot-v3.1,C7-58,C7,Self-Directed Learning & Executive Capability,C7C.7,Goal Adjustment,"When a goal is no longer realistic or useful, I can consider what has changed before deciding whether to continue pursuing it.",Positive,POSITIVE,13–25,General,CORE,READY,169,e8ea1a9fc84119b892c70f50d45a37d0ad45437241bf0852ce735d1eaed9381d
santulan-emergingadult-pilot-v3.1,C7-59,C7,Self-Directed Learning & Executive Capability,C7C.7,Goal Adjustment,"If circumstances change, I can decide whether I need to change my plan, my goal or both.",Positive,POSITIVE,13–25,General,CORE,READY,170,5f171208d5db822a8d722db2bc2ce86f6276dd50597b377f2de5f1b72c11cd5e
santulan-emergingadult-pilot-v3.1,C7-60,C7,Self-Directed Learning & Executive Capability,C7C.7,Goal Adjustment,"When circumstances or evidence change, I can reassess whether to continue, change the route or revise the goal.",Positive,POSITIVE,13–25,General,CORE,READY,171,114be5b5a0e3800786dc7bf0a41b52ac835bb6aea8c924bb29be45c075e0b20b
